sys_RespNum,sys_StartTime,sys_EndTime,sys_ElapsedTime,sys_SumPageTimes,sys_StartTimeStamp,sys_EndTimeStamp,sys_DataSource,sys_RespStatus,sys_RespRemoved,sys_DispositionCode,sys_LastQuestion,sys_UserJavaScript,sys_OperatingSystem,sys_Browser,sys_ScreenWidth,sys_UserAgent,sys_ShowPrev,sys_CAPIDeviceID,QuotaUni,sys_pagetime_1,sys_pagetime_2,sys_pagetime_3,sys_pagetime_4,sys_pagetime_5,sys_pagetime_6,sys_pagetime_7,sys_pagetime_8,sys_pagetime_9,sys_pagetime_10,sys_pagetime_11,sys_pagetime_12,CBC_Random1,CBC_Random2,CBC_Random3,CBC_Random4,CBC_Random5,CBC_Random6,CBC_Random7,CBC_Random8,sys_CBCVersion_CBC,sys_CBCDesignID_CBC,sys_pagetime_13,sys_pagetime_14,sys_pagetime_15,Age,Gender,Sustainability,Experience,Education,University,Stakeholder,Stakeholder_6_other,Certificate,Degree,Tenure,Education_7_other
1,27 Feb 2025 - 11:48:44 CET,27 Feb 2025 - 11:50:56 CET,132,131,1740653324,1740653456,1,5,0,,Terminate,1,Windows 10.0,Chrome 133.0.0.0,1536,"Mozilla/5.0 (Windows NT 10.0; Win64; x64) AppleWebKit/537.36 (KHTML, like Gecko) Chrome/133.0.0.0 Safari/537.36",,,,,3,3,4,13,9,6,10,8,13,12,11,2,2,3,3,3,3,2,1,1,CBC_912da9b981a948119c736f4be86bbf26_1739633444_6,4,9,17,25,1,4,2,4,2,5,,2,3,2,
4,27 Feb 2025 - 12:03:29 CET,27 Feb 2025 - 12:06:24 CET,175,175,1740654209,1740654384,1,5,0,,Terminate,1,Windows 10.0,Chrome 133.0.0.0,1280,"Mozilla/5.0 (Windows NT 10.0; Win64; x64) AppleWebKit/537.36 (KHTML, like Gecko) Chrome/133.0.0.0 Safari/537.36",,,,,3,1,4,31,18,17,7,11,14,11,12,2,1,2,3,1,3,1,3,4,CBC_912da9b981a948119c736f4be86bbf26_1739633444_6,5,6,14,25,2,5,2,4,1,5,,1,3,1,
7,27 Feb 2025 - 13:42:56 CET,27 Feb 2025 - 13:46:37 CET,221,220,1740660176,1740660397,1,5,0,,Terminate,1,Windows 10.0,Chrome 133.0.0.0,1440,"Mozilla/5.0 (Windows NT 10.0; Win64; x64) AppleWebKit/537.36 (KHTML, like Gecko) Chrome/133.0.0.0 Safari/537.36",,,,,6,6,11,19,24,52,8,16,10,14,10,2,1,1,1,1,1,3,2,7,CBC_912da9b981a948119c736f4be86bbf26_1739633444_6,7,14,10,25,2,5,2,4,1,5,,1,3,1,
9,27 Feb 2025 - 13:50:26 CET,27 Feb 2025 - 13:55:12 CET,286,285,1740660626,1740660912,1,5,0,,Terminate,1,Windows 10.0,Chrome 133.0.0.0,1536,"Mozilla/5.0 (Windows NT 10.0; Win64; x64) AppleWebKit/537.36 (KHTML, like Gecko) Chrome/133.0.0.0 Safari/537.36",,,,,4,7,28,41,38,19,23,9,20,15,31,2,3,1,1,2,3,3,3,9,CBC_912da9b981a948119c736f4be86bbf26_1739633444_6,8,10,15,26,1,4,2,4,1,5,,1,3,1,
17,27 Feb 2025 - 14:15:26 CET,27 Feb 2025 - 14:20:43 CET,317,313,1740662126,1740662443,1,5,0,,Terminate,1,,Mobile 15E148,428,"Mozilla/5.0 (iPhone; CPU iPhone OS 18_3_1 like Mac OS X) AppleWebKit/605.1.15 (KHTML, like Gecko) CriOS/133.0.6943.120 Mobile/15E148 Safari/604.1",,,,,8,14,51,70,33,22,9,12,18,12,8,2,3,1,3,1,3,2,2,17,CBC_912da9b981a948119c736f4be86bbf26_1739633444_6,6,14,19,24,1,5,2,4,1,5,,1,3,1,
19,27 Feb 2025 - 14:17:49 CET,27 Feb 2025 - 14:25:07 CET,438,436,1740662269,1740662707,1,5,0,,Terminate,1,,Safari 604.1,375,"Mozilla/5.0 (iPhone; CPU iPhone OS 18_3_1 like Mac OS X) AppleWebKit/605.1.15 (KHTML, like Gecko) Version/18.3 Mobile/15E148 Safari/604.1",,,,,6,7,25,65,38,36,19,48,114,10,8,3,1,1,2,2,2,1,1,19,CBC_912da9b981a948119c736f4be86bbf26_1739633444_6,9,12,21,30,1,5,1,5,1,5,,1,3,1,
22,27 Feb 2025 - 14:20:14 CET,27 Feb 2025 - 14:26:16 CET,362,359,1740662414,1740662776,1,5,0,,Terminate,1,Android 10,Chrome 133.0.0.0,360,"Mozilla/5.0 (Linux; Android 10; K) AppleWebKit/537.36 (KHTML, like Gecko) Chrome/133.0.0.0 Mobile Safari/537.36",,,,,6,19,26,49,45,18,40,26,17,28,18,1,3,1,2,1,1,3,1,22,CBC_912da9b981a948119c736f4be86bbf26_1739633444_6,8,17,18,25,1,4,2,5,1,5,,1,3,2,
25,27 Feb 2025 - 14:26:45 CET,27 Feb 2025 - 14:29:45 CET,180,192,1740662805,1740662985,1,5,0,,Terminate,1,,Safari 604.1,393,"Mozilla/5.0 (iPhone; CPU iPhone OS 18_3_1 like Mac OS X) AppleWebKit/605.1.15 (KHTML, like Gecko) Version/18.3 Mobile/15E148 Safari/604.1",,,,,8,14,13,25,10,8,38,8,5,5,8,2,2,2,1,3,1,2,3,25,CBC_912da9b981a948119c736f4be86bbf26_1739633444_6,5,15,13,,1,4,1,5,1,5,,2,3,1,
26,27 Feb 2025 - 14:36:51 CET,27 Feb 2025 - 14:39:57 CET,186,184,1740663411,1740663597,1,5,0,,Terminate,1,,Safari 604.1,414,"Mozilla/5.0 (iPhone; CPU iPhone OS 18_3_1 like Mac OS X) AppleWebKit/605.1.15 (KHTML, like Gecko) Version/18.3 Mobile/15E148 Safari/604.1",,,,,6,6,8,40,25,16,6,7,9,9,8,1,1,3,1,3,1,1,2,26,CBC_912da9b981a948119c736f4be86bbf26_1739633444_6,7,10,20,26,2,5,2,5,1,3,,,,1,
27,27 Feb 2025 - 14:50:38 CET,27 Feb 2025 - 14:58:19 CET,461,460,1740664238,1740664699,1,5,0,,Terminate,1,Windows 10.0,Edg 133.0.0.0,1469,"Mozilla/5.0 (Windows NT 10.0; Win64; x64) AppleWebKit/537.36 (KHTML, like Gecko) Chrome/133.0.0.0 Safari/537.36 Edg/133.0.0.0",,,,,6,17,44,74,48,38,53,47,11,18,8,3,1,1,1,2,1,3,2,27,CBC_912da9b981a948119c736f4be86bbf26_1739633444_6,8,22,36,26,1,5,2,4,1,5,,1,3,2,
28,27 Feb 2025 - 15:09:10 CET,27 Feb 2025 - 15:13:00 CET,230,228,1740665350,1740665580,1,5,0,,Terminate,1,Windows 10.0,Firefox 135.0,1680,Mozilla/5.0 (Windows NT 10.0; Win64; x64; rv:135.0) Gecko/20100101 Firefox/135.0,,,,,4,7,26,50,23,15,12,33,12,9,6,1,1,2,3,3,3,1,3,28,CBC_912da9b981a948119c736f4be86bbf26_1739633444_6,7,9,11,40,1,5,1,7,2,3,,,,1,
29,27 Feb 2025 - 15:36:36 CET,27 Feb 2025 - 15:40:38 CET,242,240,1740666996,1740667238,1,5,0,,Terminate,1,Mac OS X 10.15.7,Safari 17.2.1,1512,"Mozilla/5.0 (Macintosh; Intel Mac OS X 10_15_7) AppleWebKit/605.1.15 (KHTML, like Gecko) Version/17.2.1 Safari/605.1.15",,,,,6,6,3,43,32,12,10,10,37,14,10,2,2,1,3,1,2,2,1,29,CBC_912da9b981a948119c736f4be86bbf26_1739633444_6,7,8,23,21,1,5,1,2,1,5,,2,2,1,
33,27 Feb 2025 - 16:33:57 CET,27 Feb 2025 - 16:38:13 CET,256,253,1740670437,1740670693,1,5,0,,Terminate,1,Android 10,Chrome 133.0.0.0,360,"Mozilla/5.0 (Linux; Android 10; K) AppleWebKit/537.36 (KHTML, like Gecko) Chrome/133.0.0.0 Mobile Safari/537.36",,,,,7,9,20,50,20,29,14,15,10,8,9,1,1,3,3,2,3,2,3,33,CBC_912da9b981a948119c736f4be86bbf26_1739633444_6,7,15,23,20,1,5,1,2,1,5,,1,2,1,
34,27 Feb 2025 - 16:38:06 CET,27 Feb 2025 - 16:42:10 CET,244,244,1740670686,1740670930,1,5,0,,Terminate,1,Mac OS X 10.15.7,Safari 18.3,1680,"Mozilla/5.0 (Macintosh; Intel Mac OS X 10_15_7) AppleWebKit/605.1.15 (KHTML, like Gecko) Version/18.3 Safari/605.1.15",,,,,4,19,22,60,14,10,17,13,16,16,14,2,2,3,1,3,1,1,2,34,CBC_912da9b981a948119c736f4be86bbf26_1739633444_6,6,11,17,28,2,5,1,5,1,3,,,,1,
35,27 Feb 2025 - 17:05:42 CET,27 Feb 2025 - 17:11:43 CET,361,354,1740672342,1740672703,1,5,0,,Terminate,1,Android 10,Chrome 125.0.0.0,384,"Mozilla/5.0 (Linux; Android 10; K) AppleWebKit/537.36 (KHTML, like Gecko) SamsungBrowser/27.0 Chrome/125.0.0.0 Mobile Safari/537.36",,,,,7,13,34,38,21,25,19,36,23,20,37,2,1,1,3,1,1,2,1,35,CBC_912da9b981a948119c736f4be86bbf26_1739633444_6,7,19,29,,1,5,1,2,1,5,,1,2,1,
36,27 Feb 2025 - 17:21:53 CET,27 Feb 2025 - 17:36:28 CET,875,868,1740673313,1740674188,1,5,0,,Terminate,1,Android 10,Chrome 133.0.0.0,360,"Mozilla/5.0 (Linux; Android 10; K) AppleWebKit/537.36 (KHTML, like Gecko) Chrome/133.0.0.0 Mobile Safari/537.36",,,,,8,13,44,357,52,61,27,29,134,24,20,1,1,3,2,1,3,2,3,36,CBC_912da9b981a948119c736f4be86bbf26_1739633444_6,15,30,31,22,1,5,2,2,1,5,,1,2,1,
42,27 Feb 2025 - 20:10:52 CET,27 Feb 2025 - 20:16:10 CET,318,318,1740683452,1740683770,1,5,0,,Terminate,1,Android 10,Chrome 123.0.0.0,432,"Mozilla/5.0 (Linux; Android 10; K) AppleWebKit/537.36 (KHTML, like Gecko) Chrome/123.0.0.0 Mobile Safari/537.36 (Ecosia android@123.0.0.0)",,,,,16,13,31,42,50,35,11,15,8,24,18,1,3,2,3,1,3,2,2,42,CBC_912da9b981a948119c736f4be86bbf26_1739633444_6,5,15,20,26,1,5,2,4,1,5,,1,3,2,
45,27 Feb 2025 - 21:45:05 CET,27 Feb 2025 - 21:50:04 CET,299,296,1740689105,1740689404,1,5,0,,Terminate,1,,Safari 604.1,390,"Mozilla/5.0 (iPhone; CPU iPhone OS 18_3_1 like Mac OS X) AppleWebKit/605.1.15 (KHTML, like Gecko) Version/18.3 Mobile/15E148 Safari/604.1",,,,,5,24,19,64,27,14,20,27,13,14,13,2,2,2,2,1,1,3,1,45,CBC_912da9b981a948119c736f4be86bbf26_1739633444_6,3,15,24,,2,4,2,2,1,5,,2,2,1,
46,27 Feb 2025 - 22:08:25 CET,27 Feb 2025 - 22:14:34 CET,369,367,1740690505,1740690874,1,5,0,,Terminate,1,,Safari 604.1,375,"Mozilla/5.0 (iPhone; CPU iPhone OS 18_3_1 like Mac OS X) AppleWebKit/605.1.15 (KHTML, like Gecko) Version/18.3 Mobile/15E148 Safari/604.1",,,,,7,11,35,104,15,12,32,42,16,8,10,1,3,3,1,3,1,1,2,46,CBC_912da9b981a948119c736f4be86bbf26_1739633444_6,8,16,23,28,1,5,1,5,1,5,,2,4,2,
47,28 Feb 2025 - 09:06:30 CET,28 Feb 2025 - 09:11:35 CET,305,303,1740729990,1740730295,1,5,0,,Terminate,1,Mac OS X 10.15.7,Safari 17.6,1294,"Mozilla/5.0 (Macintosh; Intel Mac OS X 10_15_7) AppleWebKit/605.1.15 (KHTML, like Gecko) Version/17.6 Safari/605.1.15",,,,,11,27,49,42,16,23,24,9,20,26,7,1,1,1,2,3,1,1,1,47,CBC_912da9b981a948119c736f4be86bbf26_1739633444_6,6,11,20,35,1,5,1,7,1,3,,,,3,
48,28 Feb 2025 - 09:51:42 CET,28 Feb 2025 - 09:55:55 CET,253,253,1740732702,1740732955,1,5,0,,Terminate,1,Mac OS X 10.15.7,Safari 18.3,2129,"Mozilla/5.0 (Macintosh; Intel Mac OS X 10_15_7) AppleWebKit/605.1.15 (KHTML, like Gecko) Version/18.3 Safari/605.1.15",,,,,5,15,38,38,18,14,18,26,16,12,15,2,1,3,3,1,2,1,1,48,CBC_912da9b981a948119c736f4be86bbf26_1739633444_6,10,9,15,47,1,5,1,7,2,3,,,,3,
50,28 Feb 2025 - 12:55:57 CET,28 Feb 2025 - 13:00:03 CET,246,246,1740743757,1740744003,1,5,0,,Terminate,1,Mac OS X 10.15.7,Safari 18.3,1710,"Mozilla/5.0 (Macintosh; Intel Mac OS X 10_15_7) AppleWebKit/605.1.15 (KHTML, like Gecko) Version/18.3 Safari/605.1.15",,,,,5,14,18,55,27,19,16,15,8,11,6,3,1,3,3,3,3,3,1,50,CBC_912da9b981a948119c736f4be86bbf26_1739633444_6,6,10,21,22,1,4,1,2,1,5,,1,2,1,
52,28 Feb 2025 - 14:30:43 CET,28 Feb 2025 - 14:37:44 CET,421,420,1740749443,1740749864,1,5,0,,Terminate,1,Mac OS X 10.15.7,Chrome 132.0.0.0,1470,"Mozilla/5.0 (Macintosh; Intel Mac OS X 10_15_7) AppleWebKit/537.36 (KHTML, like Gecko) Chrome/132.0.0.0 Safari/537.36",,,,,19,81,39,53,51,18,6,8,9,26,42,2,1,2,3,1,2,3,3,52,CBC_912da9b981a948119c736f4be86bbf26_1739633444_6,5,15,20,21,1,5,2,2,1,5,,1,2,1,
54,28 Feb 2025 - 17:02:15 CET,28 Feb 2025 - 17:10:43 CET,508,506,1740758535,1740759043,1,5,0,,Terminate,1,Windows 10.0,Firefox 135.0,1775,Mozilla/5.0 (Windows NT 10.0; Win64; x64; rv:135.0) Gecko/20100101 Firefox/135.0,,,,,11,30,56,134,50,64,21,20,25,24,17,3,3,2,2,2,1,1,1,54,CBC_912da9b981a948119c736f4be86bbf26_1739633444_6,9,18,21,48,1,5,1,7,2,2,,,,3,
58,28 Feb 2025 - 17:42:13 CET,28 Feb 2025 - 17:46:24 CET,251,248,1740760933,1740761184,1,5,0,,Terminate,1,Windows 10.0,Firefox 128.0,1680,Mozilla/5.0 (Windows NT 10.0; Win64; x64; rv:128.0) Gecko/20100101 Firefox/128.0,,,,,5,7,16,44,31,16,21,20,8,10,14,1,1,3,3,1,3,3,2,58,CBC_912da9b981a948119c736f4be86bbf26_1739633444_6,7,16,27,49,1,4,2,7,2,4,,,,2,
60,28 Feb 2025 - 19:19:19 CET,28 Feb 2025 - 19:27:25 CET,486,484,1740766759,1740767245,1,5,0,,Terminate,1,Android 10,Chrome 133.0.0.0,432,"Mozilla/5.0 (Linux; Android 10; K) AppleWebKit/537.36 (KHTML, like Gecko) Chrome/133.0.0.0 Mobile Safari/537.36",,,,,6,19,29,136,58,48,35,14,17,16,20,3,2,1,2,1,2,3,3,60,CBC_912da9b981a948119c736f4be86bbf26_1739633444_6,11,24,30,25,1,5,1,4,1,5,,2,3,2,
61,28 Feb 2025 - 19:23:35 CET,28 Feb 2025 - 19:29:04 CET,329,329,1740767015,1740767344,1,5,0,,Terminate,1,,Safari 605.1.15,375,"Mozilla/5.0 (iPhone; CPU iPhone OS 18_3_1 like Mac OS X) AppleWebKit/605.1.15 (KHTML, like Gecko) FxiOS/135.2  Mobile/15E148 Safari/605.1.15",,,,,6,16,19,62,32,34,15,13,40,37,9,2,2,1,2,2,1,3,1,61,CBC_912da9b981a948119c736f4be86bbf26_1739633444_6,3,18,21,,1,5,1,5,2,3,,,,2,
63,01 Mar 2025 - 10:54:22 CET,01 Mar 2025 - 11:00:38 CET,376,376,1740822862,1740823238,1,5,0,,Terminate,1,Windows 10.0,Firefox 135.0,1611,Mozilla/5.0 (Windows NT 10.0; Win64; x64; rv:135.0) Gecko/20100101 Firefox/135.0,,,,,94,8,12,110,39,29,5,8,7,9,6,1,2,2,2,2,1,3,1,63,CBC_912da9b981a948119c736f4be86bbf26_1739633444_6,12,12,22,65,1,5,1,7,2,3,,,,3,
71,03 Mar 2025 - 09:31:48 CET,03 Mar 2025 - 09:37:00 CET,312,312,1740990708,1740991020,1,5,0,,Terminate,1,Windows 10.0,Firefox 128.0,1920,Mozilla/5.0 (Windows NT 10.0; Win64; x64; rv:128.0) Gecko/20100101 Firefox/128.0,,,,,3,10,20,72,52,17,22,20,15,16,12,2,2,2,2,2,3,3,2,71,CBC_912da9b981a948119c736f4be86bbf26_1739633444_6,9,12,27,52,1,5,2,7,2,3,,,,3,
72,03 Mar 2025 - 09:43:08 CET,03 Mar 2025 - 09:50:16 CET,428,428,1740991388,1740991816,1,5,0,,Terminate,1,Windows 10.0,Chrome 133.0.0.0,1280,"Mozilla/5.0 (Windows NT 10.0; Win64; x64) AppleWebKit/537.36 (KHTML, like Gecko) Chrome/133.0.0.0 Safari/537.36",,,,,10,11,43,103,64,33,22,20,21,30,13,2,2,2,2,3,3,2,1,72,CBC_912da9b981a948119c736f4be86bbf26_1739633444_6,8,19,23,51,1,5,2,7,2,3,,,,3,
73,03 Mar 2025 - 09:52:38 CET,03 Mar 2025 - 10:38:33 CET,2755,2754,1740991958,1740994713,1,5,0,,Terminate,1,Windows 10.0,Firefox 128.0,1263,Mozilla/5.0 (Windows NT 10.0; Win64; x64; rv:128.0) Gecko/20100101 Firefox/128.0,,,,,5,12,30,52,67,30,27,14,23,33,18,1,3,3,2,1,1,1,3,73,CBC_912da9b981a948119c736f4be86bbf26_1739633444_6,56,15,2368,36,2,4,2,6,2,4,,,,1,
74,03 Mar 2025 - 10:47:51 CET,03 Mar 2025 - 10:55:32 CET,461,461,1740995271,1740995732,1,5,0,,Terminate,1,Windows 10.0,Firefox 128.0,1680,Mozilla/5.0 (Windows NT 10.0; Win64; x64; rv:128.0) Gecko/20100101 Firefox/128.0,,,,,33,20,49,102,81,18,16,18,20,18,22,1,3,3,2,3,2,1,2,74,CBC_912da9b981a948119c736f4be86bbf26_1739633444_6,13,18,27,44,2,5,2,4,2,4,,,,2,
75,03 Mar 2025 - 11:31:10 CET,03 Mar 2025 - 11:34:34 CET,204,203,1740997870,1740998074,1,5,0,,Terminate,1,Android 10,EdgA 133.0.0.0,448,"Mozilla/5.0 (Linux; Android 10; K) AppleWebKit/537.36 (KHTML, like Gecko) Chrome/133.0.0.0 Mobile Safari/537.36 EdgA/133.0.0.0",,,,,5,7,8,52,14,10,12,15,23,13,14,1,1,3,3,3,2,2,2,75,CBC_912da9b981a948119c736f4be86bbf26_1739633444_6,5,11,11,38,2,5,2,7,1,3,,,,1,
76,03 Mar 2025 - 11:35:24 CET,03 Mar 2025 - 11:40:55 CET,331,330,1740998124,1740998455,1,5,0,,Terminate,1,Windows 10.0,Chrome 133.0.0.0,1080,"Mozilla/5.0 (Windows NT 10.0; Win64; x64) AppleWebKit/537.36 (KHTML, like Gecko) Chrome/133.0.0.0 Safari/537.36",,,,,15,18,43,69,36,33,13,13,10,10,16,1,3,3,3,1,2,1,1,76,CBC_912da9b981a948119c736f4be86bbf26_1739633444_6,6,14,28,43,1,4,2,5,1,1,,,,1,
78,03 Mar 2025 - 12:11:35 CET,03 Mar 2025 - 12:14:53 CET,198,196,1741000295,1741000493,1,5,0,,Terminate,1,Mac OS X 10.15.7,Chrome 128.0.0.0,1440,"Mozilla/5.0 (Macintosh; Intel Mac OS X 10_15_7) AppleWebKit/537.36 (KHTML, like Gecko) Chrome/128.0.0.0 Safari/537.36",,,,,6,4,13,22,14,15,28,25,10,8,12,1,1,1,1,3,1,1,1,78,CBC_912da9b981a948119c736f4be86bbf26_1739633444_6,6,10,21,53,2,5,1,8,2,3,,,,3,
81,03 Mar 2025 - 14:23:44 CET,03 Mar 2025 - 14:30:08 CET,384,383,1741008224,1741008608,1,5,0,,Terminate,1,Windows 10.0,Edg 133.0.0.0,1672,"Mozilla/5.0 (Windows NT 10.0; Win64; x64) AppleWebKit/537.36 (KHTML, like Gecko) Chrome/133.0.0.0 Safari/537.36 Edg/133.0.0.0",,,,,8,6,15,85,19,46,37,15,40,32,11,1,2,1,2,1,1,2,2,81,CBC_912da9b981a948119c736f4be86bbf26_1739633444_6,5,25,25,,1,4,2,7,1,3,,,,3,
82,03 Mar 2025 - 16:36:47 CET,03 Mar 2025 - 16:46:22 CET,575,572,1741016207,1741016782,1,5,0,,Terminate,1,Windows 10.0,Firefox 128.0,1920,Mozilla/5.0 (Windows NT 10.0; Win64; x64; rv:128.0) Gecko/20100101 Firefox/128.0,,,,,8,16,56,158,68,41,31,58,26,20,12,3,3,2,2,2,2,2,3,82,CBC_912da9b981a948119c736f4be86bbf26_1739633444_6,19,15,38,62,1,4,2,5,2,4,,,,3,
83,03 Mar 2025 - 17:20:52 CET,03 Mar 2025 - 17:25:12 CET,260,259,1741018852,1741019112,1,5,0,,Terminate,1,Mac OS X 10.15.7,Safari 18.3,1324,"Mozilla/5.0 (Macintosh; Intel Mac OS X 10_15_7) AppleWebKit/605.1.15 (KHTML, like Gecko) Version/18.3 Safari/605.1.15",,,,,5,14,20,53,30,23,26,14,10,11,7,2,1,1,2,3,2,2,2,83,CBC_912da9b981a948119c736f4be86bbf26_1739633444_6,8,11,22,30,1,5,1,5,1,3,,,,1,
85,03 Mar 2025 - 20:11:47 CET,03 Mar 2025 - 20:20:12 CET,505,503,1741029107,1741029612,1,5,0,,Terminate,1,,Safari 604.1,390,"Mozilla/5.0 (iPhone; CPU iPhone OS 16_3_1 like Mac OS X) AppleWebKit/605.1.15 (KHTML, like Gecko) Version/16.3 Mobile/15E148 Safari/604.1",,,,,3,12,45,74,67,40,42,39,50,16,29,2,3,2,1,1,2,3,1,85,CBC_912da9b981a948119c736f4be86bbf26_1739633444_6,7,25,45,40,2,5,2,7,1,2,,,,3,
87,04 Mar 2025 - 09:45:39 CET,04 Mar 2025 - 10:55:55 CET,4216,4215,1741077939,1741082155,1,5,0,,Terminate,1,Windows 10.0,Edg 133.0.0.0,1912,"Mozilla/5.0 (Windows NT 10.0; Win64; x64) AppleWebKit/537.36 (KHTML, like Gecko) Chrome/133.0.0.0 Safari/537.36 Edg/133.0.0.0",,,,,11,11,34,110,26,42,10,3897,15,12,14,2,1,2,3,1,1,3,1,87,CBC_912da9b981a948119c736f4be86bbf26_1739633444_6,3,12,13,,2,5,2,7,1,2,,,,2,
93,04 Mar 2025 - 13:17:24 CET,04 Mar 2025 - 13:24:39 CET,435,433,1741090644,1741091079,1,5,0,,Terminate,1,Windows 10.0,Firefox 135.0,2560,Mozilla/5.0 (Windows NT 10.0; Win64; x64; rv:135.0) Gecko/20100101 Firefox/135.0,,,,,8,12,54,137,70,23,12,23,21,18,10,1,3,3,3,1,1,3,1,93,CBC_912da9b981a948119c736f4be86bbf26_1739633444_6,7,13,19,29,1,5,1,5,1,3,,,,1,
96,04 Mar 2025 - 13:54:09 CET,04 Mar 2025 - 17:53:52 CET,14383,14382,1741092849,1741107232,1,5,0,,Terminate,1,Windows 10.0,Edg 133.0.0.0,1272,"Mozilla/5.0 (Windows NT 10.0; Win64; x64) AppleWebKit/537.36 (KHTML, like Gecko) Chrome/133.0.0.0 Safari/537.36 Edg/133.0.0.0",,,,,7659,27,6129,176,87,65,18,58,21,17,28,1,1,1,3,3,1,3,1,96,CBC_912da9b981a948119c736f4be86bbf26_1739633444_6,9,15,64,32,1,5,1,7,1,2,,,,1,
97,04 Mar 2025 - 15:21:09 CET,04 Mar 2025 - 15:26:32 CET,323,318,1741098069,1741098392,1,5,0,,Terminate,1,Windows 10.0,Edg 133.0.0.0,1672,"Mozilla/5.0 (Windows NT 10.0; Win64; x64) AppleWebKit/537.36 (KHTML, like Gecko) Chrome/133.0.0.0 Safari/537.36 Edg/133.0.0.0",,,,,5,9,18,53,33,22,20,32,24,22,34,1,1,2,2,1,2,1,2,97,CBC_912da9b981a948119c736f4be86bbf26_1739633444_6,8,7,19,30,1,5,1,5,1,4,,,,2,
98,04 Mar 2025 - 16:21:20 CET,04 Mar 2025 - 16:29:04 CET,464,464,1741101680,1741102144,1,5,0,,Terminate,1,Windows 10.0,Edg 133.0.0.0,1257,"Mozilla/5.0 (Windows NT 10.0; Win64; x64) AppleWebKit/537.36 (KHTML, like Gecko) Chrome/133.0.0.0 Safari/537.36 Edg/133.0.0.0",,,,,146,17,19,52,29,30,24,29,24,20,10,2,1,3,3,1,1,3,3,98,CBC_912da9b981a948119c736f4be86bbf26_1739633444_6,6,8,37,29,2,4,2,5,1,5,,2,4,1,
100,04 Mar 2025 - 17:29:16 CET,04 Mar 2025 - 17:32:20 CET,184,183,1741105756,1741105940,1,5,0,,Terminate,1,Mac OS X 10.15,Firefox 135.0,1139,Mozilla/5.0 (Macintosh; Intel Mac OS X 10.15; rv:135.0) Gecko/20100101 Firefox/135.0,,,,,8,2,13,35,18,8,6,6,23,13,16,2,2,2,2,1,1,2,2,100,CBC_912da9b981a948119c736f4be86bbf26_1739633444_6,6,8,14,35,1,5,2,7,1,3,,,,2,
102,05 Mar 2025 - 08:35:48 CET,05 Mar 2025 - 08:39:50 CET,242,240,1741160148,1741160390,1,5,0,,Terminate,1,Windows 10.0,Firefox 128.0,1920,Mozilla/5.0 (Windows NT 10.0; Win64; x64; rv:128.0) Gecko/20100101 Firefox/128.0,,,,,4,8,17,44,27,22,10,10,32,14,15,2,1,1,1,2,1,1,3,102,CBC_912da9b981a948119c736f4be86bbf26_1739633444_6,5,9,16,34,2,5,2,5,2,3,,,,2,
104,05 Mar 2025 - 13:45:12 CET,05 Mar 2025 - 13:50:54 CET,342,342,1741178712,1741179054,1,5,0,,Terminate,1,Mac OS X 10.15.7,Safari 18.2,1440,"Mozilla/5.0 (Macintosh; Intel Mac OS X 10_15_7) AppleWebKit/605.1.15 (KHTML, like Gecko) Version/18.2 Safari/605.1.15",,,,,18,7,60,48,57,22,21,11,55,12,8,3,2,3,2,2,3,2,2,104,CBC_912da9b981a948119c736f4be86bbf26_1739633444_6,4,8,7,34,2,5,2,7,2,3,,,,1,
106,05 Mar 2025 - 14:56:50 CET,05 Mar 2025 - 15:02:08 CET,318,318,1741183010,1741183328,1,5,0,,Terminate,1,Windows 10.0,Firefox 135.0,1920,Mozilla/5.0 (Windows NT 10.0; Win64; x64; rv:135.0) Gecko/20100101 Firefox/135.0,,,,,6,13,25,71,25,24,30,33,14,30,14,1,1,1,3,3,2,3,2,106,CBC_912da9b981a948119c736f4be86bbf26_1739633444_6,7,8,14,25,1,4,2,5,2,3,,,,2,
107,05 Mar 2025 - 16:11:34 CET,05 Mar 2025 - 16:18:29 CET,415,414,1741187494,1741187909,1,5,0,,Terminate,1,Windows 10.0,Chrome 133.0.0.0,1920,"Mozilla/5.0 (Windows NT 10.0; Win64; x64) AppleWebKit/537.36 (KHTML, like Gecko) Chrome/133.0.0.0 Safari/537.36",,,,,6,32,75,114,50,19,8,11,22,17,19,3,3,1,2,2,3,3,2,107,CBC_912da9b981a948119c736f4be86bbf26_1739633444_6,7,14,15,28,2,4,2,5,2,3,,,,1,
109,06 Mar 2025 - 10:43:42 CET,06 Mar 2025 - 10:54:39 CET,657,654,1741254222,1741254879,1,5,0,,Terminate,1,Windows 10.0,Firefox 135.0,1720,Mozilla/5.0 (Windows NT 10.0; Win64; x64; rv:135.0) Gecko/20100101 Firefox/135.0,,,,,9,18,54,203,139,43,22,19,38,17,22,1,2,2,2,1,3,3,2,109,CBC_912da9b981a948119c736f4be86bbf26_1739633444_6,10,20,33,50,1,5,2,5,2,4,,,,3,
110,06 Mar 2025 - 16:05:11 CET,06 Mar 2025 - 16:23:12 CET,1081,1080,1741273511,1741274592,1,5,0,,Terminate,1,Windows 10.0,Edg 133.0.0.0,2037,"Mozilla/5.0 (Windows NT 10.0; Win64; x64) AppleWebKit/537.36 (KHTML, like Gecko) Chrome/133.0.0.0 Safari/537.36 Edg/133.0.0.0",,,,,6,18,126,143,73,494,87,32,31,15,13,3,3,2,3,1,1,3,1,110,CBC_912da9b981a948119c736f4be86bbf26_1739633444_6,5,9,23,40,2,5,1,5,1,4,,,,1,
111,06 Mar 2025 - 16:32:50 CET,07 Mar 2025 - 10:15:49 CET,63779,63781,1741275170,1741338949,1,5,0,,Terminate,1,Windows 10.0,Chrome 133.0.0.0,1718,"Mozilla/5.0 (Windows NT 10.0; Win64; x64) AppleWebKit/537.36 (KHTML, like Gecko) Chrome/133.0.0.0 Safari/537.36",,,,,315,62700,376,188,40,14,39,11,13,39,8,2,3,1,1,2,3,1,1,111,CBC_912da9b981a948119c736f4be86bbf26_1739633444_6,5,9,15,33,1,5,1,7,1,3,,,,1,
114,07 Mar 2025 - 09:57:10 CET,07 Mar 2025 - 10:03:30 CET,380,377,1741337830,1741338210,1,5,0,,Terminate,1,Windows 10.0,Edg 133.0.0.0,1272,"Mozilla/5.0 (Windows NT 10.0; Win64; x64) AppleWebKit/537.36 (KHTML, like Gecko) Chrome/133.0.0.0 Safari/537.36 Edg/133.0.0.0",,,,,5,7,6,142,34,48,22,22,9,20,24,1,2,2,2,2,2,1,2,114,CBC_912da9b981a948119c736f4be86bbf26_1739633444_6,6,10,17,29,1,5,1,5,1,3,,,,1,
115,07 Mar 2025 - 11:47:31 CET,07 Mar 2025 - 11:53:47 CET,376,374,1741344451,1741344827,1,5,0,,Terminate,1,Windows 10.0,Firefox 136.0,1691,Mozilla/5.0 (Windows NT 10.0; Win64; x64; rv:136.0) Gecko/20100101 Firefox/136.0,,,,,5,15,30,78,57,39,23,29,26,21,11,1,2,1,3,3,1,1,2,115,CBC_912da9b981a948119c736f4be86bbf26_1739633444_6,4,12,18,,1,5,1,7,2,3,,,,3,
116,07 Mar 2025 - 14:10:35 CET,07 Mar 2025 - 14:14:10 CET,215,212,1741353035,1741353250,1,5,0,,Terminate,1,Mac OS X 10.15.7,Safari 17.6,1251,"Mozilla/5.0 (Macintosh; Intel Mac OS X 10_15_7) AppleWebKit/605.1.15 (KHTML, like Gecko) Version/17.6 Safari/605.1.15",,,,,6,9,16,48,39,12,13,11,8,7,7,2,3,2,3,3,3,1,3,116,CBC_912da9b981a948119c736f4be86bbf26_1739633444_6,7,9,15,45,2,5,1,7,2,3,,,,1,
117,07 Mar 2025 - 14:23:22 CET,07 Mar 2025 - 14:28:33 CET,311,310,1741353802,1741354113,1,5,0,,Terminate,1,Windows 10.0,Firefox 135.0,1280,Mozilla/5.0 (Windows NT 10.0; Win64; x64; rv:135.0) Gecko/20100101 Firefox/135.0,,,,,11,93,27,76,15,5,5,28,5,6,4,2,2,3,1,3,2,1,1,117,CBC_912da9b981a948119c736f4be86bbf26_1739633444_6,7,10,15,29,1,4,2,5,2,3,,,,1,
118,07 Mar 2025 - 15:44:47 CET,07 Mar 2025 - 15:49:17 CET,270,270,1741358687,1741358957,1,5,0,,Terminate,1,Android 10,Chrome 133.0.0.0,412,"Mozilla/5.0 (Linux; Android 10; K) AppleWebKit/537.36 (KHTML, like Gecko) Chrome/133.0.0.0 Mobile Safari/537.36",,,,,5,4,22,55,25,26,29,15,13,13,13,2,2,1,2,1,1,1,1,118,CBC_912da9b981a948119c736f4be86bbf26_1739633444_6,4,12,29,,2,5,2,7,2,6,Post Doc,,,1,
119,07 Mar 2025 - 19:36:10 CET,07 Mar 2025 - 19:49:29 CET,799,798,1741372570,1741373369,1,5,0,,Terminate,1,Windows 10.0,Edg 133.0.0.0,1912,"Mozilla/5.0 (Windows NT 10.0; Win64; x64) AppleWebKit/537.36 (KHTML, like Gecko) Chrome/133.0.0.0 Safari/537.36 Edg/133.0.0.0",,,,,63,13,36,227,149,175,15,33,18,16,17,2,2,1,3,1,3,1,3,119,CBC_912da9b981a948119c736f4be86bbf26_1739633444_6,6,9,17,37,2,4,1,5,1,1,,,,3,
120,08 Mar 2025 - 10:54:01 CET,08 Mar 2025 - 11:01:32 CET,451,451,1741427641,1741428092,1,5,0,,Terminate,1,Windows 10.0,Chrome 133.0.0.0,1500,"Mozilla/5.0 (Windows NT 10.0; Win64; x64) AppleWebKit/537.36 (KHTML, like Gecko) Chrome/133.0.0.0 Safari/537.36",,,,,55,22,63,88,53,15,20,8,30,13,9,2,3,2,2,1,3,2,1,120,CBC_912da9b981a948119c736f4be86bbf26_1739633444_6,8,17,31,26,1,5,2,4,1,5,,1,3,2,
121,10 Mar 2025 - 09:59:47 CET,10 Mar 2025 - 10:02:56 CET,189,189,1741597187,1741597376,1,5,0,,Terminate,1,Windows 10.0,Edg 134.0.0.0,1672,"Mozilla/5.0 (Windows NT 10.0; Win64; x64) AppleWebKit/537.36 (KHTML, like Gecko) Chrome/134.0.0.0 Safari/537.36 Edg/134.0.0.0",,,,,5,11,26,37,13,13,11,4,9,7,5,2,2,2,2,2,2,2,2,121,CBC_912da9b981a948119c736f4be86bbf26_1739633444_6,10,9,26,58,1,5,1,7,1,1,,,,3,
122,10 Mar 2025 - 10:12:03 CET,10 Mar 2025 - 10:20:09 CET,486,485,1741597923,1741598409,1,5,0,,Terminate,1,Windows 10.0,Firefox 135.0,1920,Mozilla/5.0 (Windows NT 10.0; Win64; x64; rv:135.0) Gecko/20100101 Firefox/135.0,,,,,9,8,8,133,71,25,40,10,12,23,26,2,1,2,2,3,2,1,3,122,CBC_912da9b981a948119c736f4be86bbf26_1739633444_6,15,31,48,31,1,5,2,5,2,5,,2,4,2,
126,11 Mar 2025 - 08:40:38 CET,11 Mar 2025 - 08:44:36 CET,238,238,1741678838,1741679076,1,5,0,,Terminate,1,Mac OS X 10.15,Firefox 135.0,1440,Mozilla/5.0 (Macintosh; Intel Mac OS X 10.15; rv:135.0) Gecko/20100101 Firefox/135.0,,,,,5,15,52,42,8,16,19,7,8,6,4,3,2,1,3,1,2,3,3,126,CBC_912da9b981a948119c736f4be86bbf26_1739633444_6,5,19,22,30,2,5,1,5,1,3,,,,2,
127,11 Mar 2025 - 12:16:21 CET,11 Mar 2025 - 12:22:39 CET,378,378,1741691781,1741692159,1,5,0,,Terminate,1,Windows 10.0,Edg 134.0.0.0,1528,"Mozilla/5.0 (Windows NT 10.0; Win64; x64) AppleWebKit/537.36 (KHTML, like Gecko) Chrome/134.0.0.0 Safari/537.36 Edg/134.0.0.0",,,,,8,11,29,63,48,32,46,37,17,27,14,2,2,3,1,2,3,1,2,127,CBC_912da9b981a948119c736f4be86bbf26_1739633444_6,7,9,22,37,2,5,1,7,1,3,,,,2,
131,11 Mar 2025 - 14:53:24 CET,11 Mar 2025 - 14:59:17 CET,353,531,1741701204,1741701557,1,5,0,,Terminate,1,,Safari 604.1,390,"Mozilla/5.0 (iPhone; CPU iPhone OS 18_3_1 like Mac OS X) AppleWebKit/605.1.15 (KHTML, like Gecko) Version/18.3 Mobile/15E148 Safari/604.1",,,,,4,362,8,32,31,9,9,6,9,14,7,3,3,2,3,3,1,2,2,131,CBC_912da9b981a948119c736f4be86bbf26_1739633444_6,6,9,15,18,2,4,2,2,2,5,,2,2,1,
133,11 Mar 2025 - 14:55:08 CET,11 Mar 2025 - 15:02:54 CET,466,463,1741701308,1741701774,1,5,0,,Terminate,1,Mac OS X 10.15.7,Chrome 133.0.0.0,1270,"Mozilla/5.0 (Macintosh; Intel Mac OS X 10_15_7) AppleWebKit/537.36 (KHTML, like Gecko) Chrome/133.0.0.0 Safari/537.36",,,,,6,19,48,185,44,23,22,22,6,10,7,2,1,3,3,1,2,2,2,133,CBC_912da9b981a948119c736f4be86bbf26_1739633444_6,7,18,20,26,2,4,2,4,2,5,,2,3,2,
139,11 Mar 2025 - 15:07:21 CET,11 Mar 2025 - 15:12:59 CET,338,336,1741702041,1741702379,1,5,0,,Terminate,1,Mac OS X 10.15.7,Safari 17.6,1334,"Mozilla/5.0 (Macintosh; Intel Mac OS X 10_15_7) AppleWebKit/605.1.15 (KHTML, like Gecko) Version/17.6 Safari/605.1.15",,,,,7,10,40,92,74,13,17,8,9,7,6,1,2,2,3,1,1,1,1,139,CBC_912da9b981a948119c736f4be86bbf26_1739633444_6,7,13,19,20,1,4,2,2,2,5,,2,2,1,
142,11 Mar 2025 - 15:18:21 CET,11 Mar 2025 - 15:24:46 CET,385,385,1741702701,1741703086,1,5,0,,Terminate,1,Android 10,Chrome 125.0.0.0,360,"Mozilla/5.0 (Linux; Android 10; K) AppleWebKit/537.36 (KHTML, like Gecko) SamsungBrowser/27.0 Chrome/125.0.0.0 Mobile Safari/537.36",,,,,6,14,37,81,34,51,42,19,8,21,17,1,2,1,3,3,3,1,2,142,CBC_912da9b981a948119c736f4be86bbf26_1739633444_6,3,12,18,,2,4,2,2,2,5,,2,2,1,
143,11 Mar 2025 - 15:21:05 CET,11 Mar 2025 - 15:24:51 CET,226,223,1741702865,1741703091,1,5,0,,Terminate,1,Windows 10.0,Edg 133.0.0.0,1392,"Mozilla/5.0 (Windows NT 10.0; Win64; x64) AppleWebKit/537.36 (KHTML, like Gecko) Chrome/133.0.0.0 Safari/537.36 Edg/133.0.0.0",,,,,8,25,21,33,36,15,14,7,9,9,9,2,3,2,3,2,1,2,2,143,CBC_912da9b981a948119c736f4be86bbf26_1739633444_6,6,8,9,23,2,4,2,4,2,5,,2,3,1,
144,11 Mar 2025 - 15:24:49 CET,11 Mar 2025 - 15:29:38 CET,289,284,1741703089,1741703378,1,5,0,,Terminate,1,Windows 10.0,Chrome 134.0.0.0,1280,"Mozilla/5.0 (Windows NT 10.0; Win64; x64) AppleWebKit/537.36 (KHTML, like Gecko) Chrome/134.0.0.0 Safari/537.36",,,,,55,12,18,62,20,15,23,8,8,10,11,3,3,2,1,2,3,2,2,144,CBC_912da9b981a948119c736f4be86bbf26_1739633444_6,6,12,13,24,2,4,2,4,2,5,,2,3,1,
145,11 Mar 2025 - 15:28:25 CET,11 Mar 2025 - 15:34:41 CET,376,376,1741703305,1741703681,1,5,0,,Terminate,1,Windows 10.0,Chrome 134.0.0.0,1920,"Mozilla/5.0 (Windows NT 10.0; Win64; x64) AppleWebKit/537.36 (KHTML, like Gecko) Chrome/134.0.0.0 Safari/537.36",,,,,6,25,36,72,25,21,24,33,29,32,14,3,1,3,1,1,2,2,2,145,CBC_912da9b981a948119c736f4be86bbf26_1739633444_6,10,12,18,25,1,5,2,4,2,5,,2,3,2,
146,11 Mar 2025 - 15:48:59 CET,11 Mar 2025 - 15:53:57 CET,298,297,1741704539,1741704837,1,5,0,,Terminate,1,,Safari 605.1.15,375,"Mozilla/5.0 (iPhone; CPU iPhone OS 18_3_1 like Mac OS X) AppleWebKit/605.1.15 (KHTML, like Gecko) FxiOS/136.0  Mobile/15E148 Safari/605.1.15",,,,,5,12,33,62,24,22,21,16,22,14,10,1,2,3,2,2,3,1,3,146,CBC_912da9b981a948119c736f4be86bbf26_1739633444_6,6,19,16,27,1,4,1,5,2,5,,2,3,2,
148,11 Mar 2025 - 15:49:15 CET,11 Mar 2025 - 15:55:59 CET,404,402,1741704555,1741704959,1,5,0,,Terminate,1,,Safari 605.1.15,375,"Mozilla/5.0 (iPhone; CPU iPhone OS 17_4_1 like Mac OS X) AppleWebKit/605.1.15 (KHTML, like Gecko) FxiOS/136.0  Mobile/15E148 Safari/605.1.15",,,,,6,10,22,100,18,88,19,35,12,27,14,3,3,1,3,1,2,1,3,148,CBC_912da9b981a948119c736f4be86bbf26_1739633444_6,7,15,15,25,2,3,1,4,2,5,,2,3,2,
149,11 Mar 2025 - 15:56:14 CET,11 Mar 2025 - 16:02:35 CET,381,379,1741704974,1741705355,1,5,0,,Terminate,1,Windows 10.0,Chrome 133.0.0.0,1536,"Mozilla/5.0 (Windows NT 10.0; Win64; x64) AppleWebKit/537.36 (KHTML, like Gecko) Chrome/133.0.0.0 Safari/537.36",,,,,5,12,38,79,42,36,16,37,25,17,19,3,3,3,1,1,1,1,1,149,CBC_912da9b981a948119c736f4be86bbf26_1739633444_6,4,11,25,22,1,4,3,2,2,5,,2,2,1,
151,11 Mar 2025 - 18:19:56 CET,11 Mar 2025 - 18:22:50 CET,174,172,1741713596,1741713770,1,5,0,,Terminate,1,Android 10,Chrome 133.0.0.0,384,"Mozilla/5.0 (Linux; Android 10; K) AppleWebKit/537.36 (KHTML, like Gecko) Chrome/133.0.0.0 Mobile Safari/537.36",,,,,3,7,4,25,26,16,10,10,8,9,14,2,3,1,3,1,2,3,3,151,CBC_912da9b981a948119c736f4be86bbf26_1739633444_6,8,10,11,26,3,4,2,4,2,5,,2,3,1,
152,11 Mar 2025 - 18:36:55 CET,11 Mar 2025 - 18:45:49 CET,534,606,1741714615,1741715149,1,5,0,,Terminate,1,Windows 10.0,Edg 134.0.0.0,1272,"Mozilla/5.0 (Windows NT 10.0; Win64; x64) AppleWebKit/537.36 (KHTML, like Gecko) Chrome/134.0.0.0 Safari/537.36 Edg/134.0.0.0",,,,,6,11,41,195,29,34,36,72,20,27,27,1,2,2,1,3,1,3,3,152,CBC_912da9b981a948119c736f4be86bbf26_1739633444_6,9,20,72,55,1,5,1,8,1,4,,,,2,
153,11 Mar 2025 - 19:28:59 CET,11 Mar 2025 - 19:33:49 CET,290,288,1741717739,1741718029,1,5,0,,Terminate,1,Android 10,Chrome 125.0.0.0,412,"Mozilla/5.0 (Linux; Android 10; K) AppleWebKit/537.36 (KHTML, like Gecko) SamsungBrowser/27.0 Chrome/125.0.0.0 Mobile Safari/537.36",,,,,5,5,10,44,35,38,17,30,19,22,22,1,1,1,2,1,3,2,2,153,CBC_912da9b981a948119c736f4be86bbf26_1739633444_6,6,11,12,21,1,4,2,2,2,5,,2,2,1,
154,12 Mar 2025 - 08:28:25 CET,12 Mar 2025 - 08:33:11 CET,286,286,1741764505,1741764791,1,5,0,,Terminate,1,,Safari 604.1,414,"Mozilla/5.0 (iPhone; CPU iPhone OS 18_3_1 like Mac OS X) AppleWebKit/605.1.15 (KHTML, like Gecko) Version/18.3 Mobile/15E148 Safari/604.1",,,,,9,5,29,42,37,31,14,14,13,24,18,2,1,1,3,2,2,1,1,154,CBC_912da9b981a948119c736f4be86bbf26_1739633444_6,11,12,12,23,1,5,2,4,2,5,,1,3,1,
155,12 Mar 2025 - 09:33:39 CET,12 Mar 2025 - 09:37:15 CET,216,215,1741768419,1741768635,1,5,0,,Terminate,1,Mac OS X 10.15.7,Safari 18.3,1199,"Mozilla/5.0 (Macintosh; Intel Mac OS X 10_15_7) AppleWebKit/605.1.15 (KHTML, like Gecko) Version/18.3 Safari/605.1.15",,,,,4,6,11,37,46,15,12,11,17,8,10,1,2,2,2,2,3,2,3,155,CBC_912da9b981a948119c736f4be86bbf26_1739633444_6,3,7,22,,2,5,1,7,1,3,,,,1,
156,12 Mar 2025 - 09:44:53 CET,12 Mar 2025 - 09:50:19 CET,326,325,1741769093,1741769419,1,5,0,,Terminate,1,Windows 10.0,Firefox 136.0,1920,Mozilla/5.0 (Windows NT 10.0; Win64; x64; rv:136.0) Gecko/20100101 Firefox/136.0,,,,,4,17,24,53,27,39,41,16,39,14,14,2,3,2,1,2,3,3,1,156,CBC_912da9b981a948119c736f4be86bbf26_1739633444_6,6,10,17,27,2,5,2,5,2,3,,,,2,
158,12 Mar 2025 - 12:11:11 CET,12 Mar 2025 - 12:16:35 CET,324,324,1741777871,1741778195,1,5,0,,Terminate,1,Android 10,Chrome 133.0.0.0,412,"Mozilla/5.0 (Linux; Android 10; K) AppleWebKit/537.36 (KHTML, like Gecko) Chrome/133.0.0.0 Mobile Safari/537.36",,,,,4,19,30,55,36,32,14,29,14,9,20,2,3,2,3,1,2,2,1,158,CBC_912da9b981a948119c736f4be86bbf26_1739633444_6,8,14,20,20,2,5,2,2,2,5,,2,2,1,
159,12 Mar 2025 - 12:21:16 CET,12 Mar 2025 - 12:26:59 CET,343,342,1741778476,1741778819,1,5,0,,Terminate,1,Android 10,Chrome 133.0.0.0,360,"Mozilla/5.0 (Linux; Android 10; K) AppleWebKit/537.36 (KHTML, like Gecko) Chrome/133.0.0.0 Mobile Safari/537.36",,,,,4,8,11,57,44,35,29,27,45,22,24,2,3,2,2,3,3,3,1,159,CBC_912da9b981a948119c736f4be86bbf26_1739633444_6,7,6,11,23,1,4,2,4,2,5,,2,3,1,
160,12 Mar 2025 - 12:21:29 CET,12 Mar 2025 - 12:27:29 CET,360,359,1741778489,1741778849,1,5,0,,Terminate,1,,Safari 604.1,430,"Mozilla/5.0 (iPhone; CPU iPhone OS 18_3_1 like Mac OS X) AppleWebKit/605.1.15 (KHTML, like Gecko) Version/18.3 Mobile/15E148 Safari/604.1",,,,,5,10,20,75,52,38,27,31,18,12,14,2,2,1,2,3,1,1,3,160,CBC_912da9b981a948119c736f4be86bbf26_1739633444_6,3,15,21,,2,4,2,4,2,5,,2,2,1,
161,12 Mar 2025 - 12:29:34 CET,12 Mar 2025 - 12:33:23 CET,229,228,1741778974,1741779203,1,5,0,,Terminate,1,Mac OS X 10.15.7,Chrome 133.0.0.0,1440,"Mozilla/5.0 (Macintosh; Intel Mac OS X 10_15_7) AppleWebKit/537.36 (KHTML, like Gecko) Chrome/133.0.0.0 Safari/537.36",,,,,5,6,19,35,25,20,18,14,10,18,15,2,1,1,2,3,1,1,1,161,CBC_912da9b981a948119c736f4be86bbf26_1739633444_6,5,11,12,21,2,5,1,2,2,5,,2,2,1,
163,13 Mar 2025 - 10:05:11 CET,13 Mar 2025 - 10:20:06 CET,895,894,1741856711,1741857606,1,5,0,,Terminate,1,Windows 10.0,Firefox 136.0,1442,Mozilla/5.0 (Windows NT 10.0; Win64; x64; rv:136.0) Gecko/20100101 Firefox/136.0,,,,,54,53,37,114,51,70,154,172,41,16,20,1,1,1,3,1,1,1,1,163,CBC_912da9b981a948119c736f4be86bbf26_1739633444_6,10,18,20,25,2,4,2,4,2,5,,2,3,1,
165,13 Mar 2025 - 12:39:17 CET,13 Mar 2025 - 12:46:56 CET,459,458,1741865957,1741866416,1,5,0,,Terminate,1,,Safari 604.1,414,"Mozilla/5.0 (iPhone; CPU iPhone OS 16_2 like Mac OS X) AppleWebKit/605.1.15 (KHTML, like Gecko) Version/16.2 Mobile/15E148 Safari/604.1",,,,,5,12,64,41,51,18,70,58,29,21,12,3,2,3,2,1,3,1,1,165,CBC_912da9b981a948119c736f4be86bbf26_1739633444_6,12,15,35,19,1,3,2,2,2,5,,2,2,1,
168,13 Mar 2025 - 18:49:31 CET,13 Mar 2025 - 18:57:40 CET,489,489,1741888171,1741888660,1,5,0,,Terminate,1,,Safari 604.1,390,"Mozilla/5.0 (iPhone; CPU iPhone OS 18_3_1 like Mac OS X) AppleWebKit/605.1.15 (KHTML, like Gecko) Version/18.3 Mobile/15E148 Safari/604.1",,,,,10,5,17,85,77,28,32,32,34,77,21,3,1,2,1,1,3,3,1,168,CBC_912da9b981a948119c736f4be86bbf26_1739633444_6,8,11,32,20,1,4,2,2,1,5,,2,2,1,
173,13 Mar 2025 - 18:49:38 CET,13 Mar 2025 - 18:56:05 CET,387,384,1741888178,1741888565,1,5,0,,Terminate,1,Android 10,Chrome 133.0.0.0,412,"Mozilla/5.0 (Linux; Android 10; K) AppleWebKit/537.36 (KHTML, like Gecko) Chrome/133.0.0.0 Mobile Safari/537.36",,,,,5,7,87,68,16,66,22,11,15,9,8,1,3,3,1,3,1,1,2,173,CBC_912da9b981a948119c736f4be86bbf26_1739633444_6,12,15,33,24,1,3,1,4,1,5,,2,3,1,
183,13 Mar 2025 - 18:49:44 CET,13 Mar 2025 - 19:55:12 CET,3928,3927,1741888184,1741892112,1,5,0,,Terminate,1,,Safari 604.1,393,"Mozilla/5.0 (iPhone; CPU iPhone OS 18_3_1 like Mac OS X) AppleWebKit/605.1.15 (KHTML, like Gecko) Version/18.3 Mobile/15E148 Safari/604.1",,,,,6,3458,34,120,78,44,15,15,23,18,16,2,3,2,3,3,2,2,1,183,CBC_912da9b981a948119c736f4be86bbf26_1739633444_6,6,21,31,22,2,4,2,2,1,5,,2,2,1,
193,13 Mar 2025 - 18:49:58 CET,13 Mar 2025 - 18:57:35 CET,457,456,1741888198,1741888655,1,5,0,,Terminate,1,,Safari 604.1,393,"Mozilla/5.0 (iPhone; CPU iPhone OS 18_2_1 like Mac OS X) AppleWebKit/605.1.15 (KHTML, like Gecko) Version/18.2 Mobile/15E148 Safari/604.1",,,,,4,3,3,13,7,88,4,3,5,3,46,2,3,3,1,1,2,2,2,193,CBC_912da9b981a948119c736f4be86bbf26_1739633444_6,7,5,217,22,1,5,1,4,1,5,,2,2,1,
199,14 Mar 2025 - 17:40:56 CET,14 Mar 2025 - 17:46:13 CET,317,314,1741970456,1741970773,1,5,0,,Terminate,1,,Safari 604.1,414,"Mozilla/5.0 (iPhone; CPU iPhone OS 18_3_1 like Mac OS X) AppleWebKit/605.1.15 (KHTML, like Gecko) Version/18.3 Mobile/15E148 Safari/604.1",,,,,6,6,32,48,68,23,15,13,13,11,12,1,1,2,2,3,1,2,1,199,CBC_912da9b981a948119c736f4be86bbf26_1739633444_6,17,12,21,21,2,4,2,2,2,5,,2,2,1,
202,17 Mar 2025 - 19:19:53 CET,17 Mar 2025 - 19:25:47 CET,354,354,1742235593,1742235947,1,5,0,,Terminate,1,Mac OS X 10.15.7,Safari 17.6,1180,"Mozilla/5.0 (Macintosh; Intel Mac OS X 10_15_7) AppleWebKit/605.1.15 (KHTML, like Gecko) Version/17.6 Safari/605.1.15",,,,,9,24,46,76,37,16,29,16,9,11,12,2,2,3,3,1,3,2,1,202,CBC_912da9b981a948119c736f4be86bbf26_1739633444_6,5,14,27,19,2,4,2,2,2,5,,2,2,1,
204,18 Mar 2025 - 15:42:33 CET,18 Mar 2025 - 15:50:52 CET,499,498,1742308953,1742309452,1,5,0,,Terminate,1,Mac OS X 10.15.7,Safari 18.3.1,1429,"Mozilla/5.0 (Macintosh; Intel Mac OS X 10_15_7) AppleWebKit/605.1.15 (KHTML, like Gecko) Version/18.3.1 Safari/605.1.15",,,,,7,19,32,42,33,271,19,11,8,12,8,2,3,3,2,3,2,2,2,204,CBC_912da9b981a948119c736f4be86bbf26_1739633444_6,5,14,12,54,1,5,1,7,1,3,,,,3,
206,21 Mar 2025 - 10:52:31 CET,21 Mar 2025 - 11:00:04 CET,453,452,1742550751,1742551204,1,5,0,,Terminate,1,Windows 10.0,Chrome 134.0.0.0,1440,"Mozilla/5.0 (Windows NT 10.0; Win64; x64) AppleWebKit/537.36 (KHTML, like Gecko) Chrome/134.0.0.0 Safari/537.36",,,,,7,20,60,74,65,28,24,13,27,16,32,3,2,2,2,1,1,3,3,206,CBC_912da9b981a948119c736f4be86bbf26_1739633444_6,10,18,27,24,2,5,2,4,1,5,,1,3,1,
209,21 Mar 2025 - 11:38:00 CET,21 Mar 2025 - 11:42:02 CET,242,242,1742553480,1742553722,1,5,0,,Terminate,1,,Mozilla/5.0  AppleWebKit/605.1.15  Mobile/15E148 /9.30.8815.4 9.30.8815.4,402,"Mozilla/5.0 (iPhone; CPU iPhone OS 18_3_1 like Mac OS X) AppleWebKit/605.1.15 (KHTML, like Gecko) Mobile/15E148 [LinkedInApp]/9.30.8815.4",,,,,9,7,17,80,30,7,8,15,10,9,6,2,1,3,1,1,2,1,3,209,CBC_912da9b981a948119c736f4be86bbf26_1739633444_6,6,11,15,32,1,4,2,5,1,5,,2,3,1,
211,21 Mar 2025 - 11:56:38 CET,21 Mar 2025 - 12:00:54 CET,256,255,1742554598,1742554854,1,5,0,,Terminate,1,Windows 10.0,Chrome 134.0.0.0,1265,"Mozilla/5.0 (Windows NT 10.0; Win64; x64) AppleWebKit/537.36 (KHTML, like Gecko) Chrome/134.0.0.0 Safari/537.36",,,,,5,10,6,54,18,19,13,20,36,13,6,3,1,1,1,1,2,2,3,211,CBC_912da9b981a948119c736f4be86bbf26_1739633444_6,5,14,18,22,2,4,2,4,1,5,,1,3,1,
212,21 Mar 2025 - 12:21:50 CET,21 Mar 2025 - 12:30:06 CET,496,495,1742556110,1742556606,1,5,0,,Terminate,1,Mac OS X 10.15.7,Safari 17.6,1235,"Mozilla/5.0 (Macintosh; Intel Mac OS X 10_15_7) AppleWebKit/605.1.15 (KHTML, like Gecko) Version/17.6 Safari/605.1.15",,,,,6,11,57,162,75,54,16,24,16,13,14,1,3,1,1,3,3,2,3,212,CBC_912da9b981a948119c736f4be86bbf26_1739633444_6,7,10,16,25,2,4,2,4,1,5,,2,3,1,
213,21 Mar 2025 - 12:41:31 CET,21 Mar 2025 - 12:44:25 CET,174,185,1742557291,1742557465,1,5,0,,Terminate,1,,Safari 604.1,390,"Mozilla/5.0 (iPhone; CPU iPhone OS 18_3_1 like Mac OS X) AppleWebKit/605.1.15 (KHTML, like Gecko) Version/18.3 Mobile/15E148 Safari/604.1",,,,,4,4,18,26,11,9,15,31,14,7,7,3,3,3,1,3,2,1,1,213,CBC_912da9b981a948119c736f4be86bbf26_1739633444_6,2,9,17,,1,5,2,4,1,5,,2,3,2,
214,21 Mar 2025 - 13:29:38 CET,21 Mar 2025 - 13:33:53 CET,255,254,1742560178,1742560433,1,5,0,,Terminate,1,Mac OS X 10.15,Firefox 136.0,1338,Mozilla/5.0 (Macintosh; Intel Mac OS X 10.15; rv:136.0) Gecko/20100101 Firefox/136.0,,,,,4,6,7,34,19,30,21,11,10,37,15,3,2,2,1,2,1,1,2,214,CBC_912da9b981a948119c736f4be86bbf26_1739633444_6,6,7,28,27,1,5,1,5,1,5,,1,3,2,
216,21 Mar 2025 - 14:05:19 CET,21 Mar 2025 - 14:12:31 CET,432,431,1742562319,1742562751,1,5,0,,Terminate,1,Mac OS X 10.15.7,Safari 18.3.1,1920,"Mozilla/5.0 (Macintosh; Intel Mac OS X 10_15_7) AppleWebKit/605.1.15 (KHTML, like Gecko) Version/18.3.1 Safari/605.1.15",,,,,5,11,8,71,21,69,20,42,61,15,14,1,1,3,1,1,2,3,1,216,CBC_912da9b981a948119c736f4be86bbf26_1739633444_6,7,32,30,,4,5,3,5,1,5,,2,4,2,
217,21 Mar 2025 - 14:16:25 CET,21 Mar 2025 - 14:19:52 CET,207,206,1742562985,1742563192,1,5,0,,Terminate,1,,Safari 604.1,320,"Mozilla/5.0 (iPhone; CPU iPhone OS 18_1_1 like Mac OS X) AppleWebKit/605.1.15 (KHTML, like Gecko) Version/18.1.1 Mobile/15E148 Safari/604.1",,,,,5,11,20,27,12,8,17,21,7,14,8,3,1,1,2,2,3,1,1,217,CBC_912da9b981a948119c736f4be86bbf26_1739633444_6,7,13,22,19,2,4,3,4,1,5,,1,2,1,
218,21 Mar 2025 - 14:20:20 CET,21 Mar 2025 - 14:24:05 CET,225,224,1742563220,1742563445,1,5,0,,Terminate,1,Mac OS X 10.15.7,Safari 17.2.1,1440,"Mozilla/5.0 (Macintosh; Intel Mac OS X 10_15_7) AppleWebKit/605.1.15 (KHTML, like Gecko) Version/17.2.1 Safari/605.1.15",,,,,5,8,2,25,28,42,21,13,14,5,4,1,2,3,1,2,3,1,2,218,CBC_912da9b981a948119c736f4be86bbf26_1739633444_6,9,12,22,20,2,5,1,2,1,5,,2,2,1,
220,21 Mar 2025 - 15:22:26 CET,21 Mar 2025 - 15:32:33 CET,607,606,1742566946,1742567553,1,5,0,,Terminate,1,,Safari 604.1,390,"Mozilla/5.0 (iPhone; CPU iPhone OS 18_3_1 like Mac OS X) AppleWebKit/605.1.15 (KHTML, like Gecko) Version/18.3 Mobile/15E148 Safari/604.1",,,,,3,8,23,321,28,10,49,9,41,19,12,3,1,3,2,2,2,2,2,220,CBC_912da9b981a948119c736f4be86bbf26_1739633444_6,21,16,20,25,2,5,2,4,1,5,,1,3,1,
222,21 Mar 2025 - 17:09:50 CET,21 Mar 2025 - 17:59:41 CET,2991,2991,1742573390,1742576381,1,5,0,,Terminate,1,Windows 10.0,Firefox 136.0,1658,Mozilla/5.0 (Windows NT 10.0; Win64; x64; rv:136.0) Gecko/20100101 Firefox/136.0,,,,,2780,7,12,39,23,12,15,29,18,8,5,1,2,3,1,2,3,3,3,222,CBC_912da9b981a948119c736f4be86bbf26_1739633444_6,6,11,18,34,1,3,2,5,2,4,,,,1,
223,21 Mar 2025 - 17:29:21 CET,21 Mar 2025 - 17:37:34 CET,493,491,1742574561,1742575054,1,5,0,,Terminate,1,,Safari 604.1,375,"Mozilla/5.0 (iPhone; CPU iPhone OS 18_1_1 like Mac OS X) AppleWebKit/605.1.15 (KHTML, like Gecko) Version/18.1.1 Mobile/15E148 Safari/604.1",,,,,7,24,114,67,58,41,26,19,22,39,17,1,3,1,3,3,3,3,2,223,CBC_912da9b981a948119c736f4be86bbf26_1739633444_6,4,12,19,,2,5,2,4,1,5,,1,3,1,
224,21 Mar 2025 - 19:19:54 CET,21 Mar 2025 - 19:31:03 CET,669,668,1742581194,1742581863,1,5,0,,Terminate,1,,Mozilla/5.0  AppleWebKit/605.1.15  Mobile/15E148 /9.30.8684.7 9.30.8684.7,375,"Mozilla/5.0 (iPhone; CPU iPhone OS 18_2 like Mac OS X) AppleWebKit/605.1.15 (KHTML, like Gecko) Mobile/15E148 [LinkedInApp]/9.30.8684.7",,,,,34,33,203,113,34,19,93,13,12,43,11,3,1,2,1,1,1,3,1,224,CBC_912da9b981a948119c736f4be86bbf26_1739633444_6,9,17,18,25,1,5,1,4,1,5,,1,3,1,
226,21 Mar 2025 - 20:21:05 CET,21 Mar 2025 - 20:27:13 CET,368,368,1742584865,1742585233,1,5,0,,Terminate,1,,Safari 604.1,375,"Mozilla/5.0 (iPhone; CPU iPhone OS 17_6_1 like Mac OS X) AppleWebKit/605.1.15 (KHTML, like Gecko) Version/17.6 Mobile/15E148 Safari/604.1",,,,,9,20,24,66,37,34,27,22,17,16,26,3,1,3,3,2,2,3,3,226,CBC_912da9b981a948119c736f4be86bbf26_1739633444_6,8,17,16,24,1,5,2,5,1,5,,1,3,2,
228,21 Mar 2025 - 22:09:35 CET,25 Mar 2025 - 10:10:12 CET,302437,302802,1742591375,1742893812,1,5,0,,Terminate,1,Mac OS X 10.15.7,Chrome 133.0.0.0,1470,"Mozilla/5.0 (Macintosh; Intel Mac OS X 10_15_7) AppleWebKit/537.36 (KHTML, like Gecko) Chrome/133.0.0.0 Safari/537.36",,,,,123,5,3,302158,105,163,20,55,76,12,24,2,1,3,3,2,1,3,3,228,CBC_912da9b981a948119c736f4be86bbf26_1739633444_6,7,21,16,26,2,4,3,4,2,5,,2,3,2,
229,22 Mar 2025 - 09:56:31 CET,22 Mar 2025 - 10:00:32 CET,241,240,1742633791,1742634032,1,5,0,,Terminate,1,,Safari 604.1,375,"Mozilla/5.0 (iPhone; CPU iPhone OS 17_5_1 like Mac OS X) AppleWebKit/605.1.15 (KHTML, like Gecko) Version/17.5 Mobile/15E148 Safari/604.1",,,,,5,14,20,40,32,20,11,15,11,8,8,3,2,3,3,2,1,3,2,229,CBC_912da9b981a948119c736f4be86bbf26_1739633444_6,7,16,16,25,2,5,2,4,1,5,,1,3,1,
231,22 Mar 2025 - 12:00:05 CET,22 Mar 2025 - 12:07:42 CET,457,456,1742641205,1742641662,1,5,0,,Terminate,1,,Mobile 15E148,414,"Mozilla/5.0 (iPhone; CPU iPhone OS 18_3_2 like Mac OS X) AppleWebKit/605.1.15 (KHTML, like Gecko) CriOS/134.0.6998.99 Mobile/15E148 Safari/604.1",,,,,5,11,9,84,53,46,22,25,26,51,28,3,3,3,1,1,2,3,1,231,CBC_912da9b981a948119c736f4be86bbf26_1739633444_6,15,13,27,25,2,5,2,4,1,5,,2,3,2,
232,23 Mar 2025 - 10:23:33 CET,23 Mar 2025 - 10:29:52 CET,379,379,1742721813,1742722192,1,5,0,,Terminate,1,Windows 10.0,Chrome 134.0.0.0,1920,"Mozilla/5.0 (Windows NT 10.0; Win64; x64) AppleWebKit/537.36 (KHTML, like Gecko) Chrome/134.0.0.0 Safari/537.36",,,,,6,12,36,43,26,30,10,11,134,17,8,1,3,1,3,1,1,3,1,232,CBC_912da9b981a948119c736f4be86bbf26_1739633444_6,8,14,19,44,1,5,2,7,1,3,,,,2,
234,23 Mar 2025 - 16:11:55 CET,23 Mar 2025 - 16:16:12 CET,257,256,1742742715,1742742972,1,5,0,,Terminate,1,,Mozilla/5.0  AppleWebKit/605.1.15  Mobile/15E148 /9.30.8994 9.30.8994,393,"Mozilla/5.0 (iPhone; CPU iPhone OS 18_3_2 like Mac OS X) AppleWebKit/605.1.15 (KHTML, like Gecko) Mobile/15E148 [LinkedInApp]/9.30.8994",,,,,2,5,18,25,38,14,8,12,10,8,8,1,3,2,3,2,1,3,3,234,CBC_912da9b981a948119c736f4be86bbf26_1739633444_6,6,75,14,27,1,5,1,4,1,5,,1,3,1,
235,24 Mar 2025 - 12:42:23 CET,24 Mar 2025 - 12:47:30 CET,307,306,1742816543,1742816850,1,5,0,,Terminate,1,Mac OS X 10.15.7,Chrome 134.0.0.0,1051,"Mozilla/5.0 (Macintosh; Intel Mac OS X 10_15_7) AppleWebKit/537.36 (KHTML, like Gecko) Chrome/134.0.0.0 Safari/537.36",,,,,6,10,17,44,36,31,19,30,17,20,22,1,2,1,2,1,3,3,2,235,CBC_912da9b981a948119c736f4be86bbf26_1739633444_6,6,9,20,25,2,5,1,4,1,5,,1,3,1,
237,27 Mar 2025 - 11:54:00 CET,27 Mar 2025 - 11:56:41 CET,161,161,1743072840,1743073001,1,5,0,,Terminate,1,Windows 10.0,Edg 134.0.0.0,2040,"Mozilla/5.0 (Windows NT 10.0; Win64; x64) AppleWebKit/537.36 (KHTML, like Gecko) Chrome/134.0.0.0 Safari/537.36 Edg/134.0.0.0",,,,,4,5,7,30,14,27,8,11,7,7,9,2,1,1,1,2,3,3,3,237,CBC_912da9b981a948119c736f4be86bbf26_1739633444_6,5,10,7,24,2,5,2,4,1,5,,1,3,1,
239,31 Mar 2025 - 12:02:55 CEST,31 Mar 2025 - 12:06:17 CEST,202,199,1743415375,1743415577,1,5,0,,Terminate,1,Windows 10.0,Firefox 136.0,2560,Mozilla/5.0 (Windows NT 10.0; Win64; x64; rv:136.0) Gecko/20100101 Firefox/136.0,,,,,5,9,22,40,21,15,9,14,13,9,8,1,2,3,1,1,1,2,2,239,CBC_912da9b981a948119c736f4be86bbf26_1739633444_6,4,9,10,24,1,4,2,4,2,5,,2,3,1,
241,03 Apr 2025 - 18:40:44 CEST,03 Apr 2025 - 18:46:22 CEST,338,337,1743698444,1743698782,1,5,0,,Terminate,1,Mac OS X 10.15.7,Safari 18.3.1,1680,"Mozilla/5.0 (Macintosh; Intel Mac OS X 10_15_7) AppleWebKit/605.1.15 (KHTML, like Gecko) Version/18.3.1 Safari/605.1.15",,,,,4,5,3,68,63,33,21,23,31,20,14,1,1,2,3,2,3,2,3,241,CBC_912da9b981a948119c736f4be86bbf26_1739633444_6,5,11,18,26,1,5,2,4,1,5,,1,3,2,
243,06 Apr 2025 - 11:45:51 CEST,06 Apr 2025 - 11:59:09 CEST,798,797,1743932751,1743933549,1,5,0,,Terminate,1,Mac OS X 10.15.7,Chrome 134.0.0.0,1349,"Mozilla/5.0 (Macintosh; Intel Mac OS X 10_15_7) AppleWebKit/537.36 (KHTML, like Gecko) Chrome/134.0.0.0 Safari/537.36",,,,,18,81,131,160,50,127,24,53,42,22,18,1,3,3,1,3,1,3,1,243,CBC_912da9b981a948119c736f4be86bbf26_1739633444_6,11,17,28,26,1,4,2,4,1,5,,2,3,1,
244,06 Apr 2025 - 21:04:44 CEST,06 Apr 2025 - 21:09:01 CEST,257,257,1743966284,1743966541,1,5,0,,Terminate,1,,Safari 604.1,390,"Mozilla/5.0 (iPhone; CPU iPhone OS 16_0 like Mac OS X) AppleWebKit/605.1.15 (KHTML, like Gecko) Version/16.0 Mobile/15E148 Safari/604.1",,,,,5,21,24,43,54,16,12,10,10,10,10,3,2,1,3,3,3,1,3,244,CBC_912da9b981a948119c736f4be86bbf26_1739633444_6,5,8,13,23,2,5,1,5,1,5,,1,3,1,
246,22 Apr 2025 - 13:44:42 CEST,22 Apr 2025 - 13:48:50 CEST,248,247,1745322282,1745322530,1,5,0,,Terminate,1,Windows 10.0,Firefox 137.0,1680,Mozilla/5.0 (Windows NT 10.0; Win64; x64; rv:137.0) Gecko/20100101 Firefox/137.0,,,,,5,3,9,32,15,17,69,19,20,16,6,1,3,2,2,3,3,3,2,246,CBC_912da9b981a948119c736f4be86bbf26_1739633444_6,7,6,19,34,2,5,1,5,1,6,PhD student,,,1,
249,08 May 2025 - 08:22:12 CEST,08 May 2025 - 08:26:28 CEST,256,255,1746685332,1746685588,1,5,0,,Terminate,1,Mac OS X 10.15.7,Safari 17.2,1512,"Mozilla/5.0 (Macintosh; Intel Mac OS X 10_15_7) AppleWebKit/605.1.15 (KHTML, like Gecko) Version/17.2 Safari/605.1.15",,,,,7,7,27,36,23,27,13,11,9,16,10,3,1,3,1,3,3,1,3,249,CBC_912da9b981a948119c736f4be86bbf26_1739633444_6,7,15,18,23,2,5,2,4,1,5,,2,3,1,
252,08 May 2025 - 12:27:48 CEST,08 May 2025 - 12:34:51 CEST,423,422,1746700068,1746700491,1,5,0,,Terminate,1,Mac OS X 10.15.7,Safari 17.3,1410,"Mozilla/5.0 (Macintosh; Intel Mac OS X 10_15_7) AppleWebKit/605.1.15 (KHTML, like Gecko) Version/17.3 Safari/605.1.15",,,,,6,22,40,77,32,24,23,30,40,45,22,1,1,1,1,2,1,3,1,252,CBC_912da9b981a948119c736f4be86bbf26_1739633444_6,6,24,15,24,2,5,2,4,1,5,,2,3,2,
254,09 May 2025 - 09:12:58 CEST,09 May 2025 - 09:17:37 CEST,279,279,1746774778,1746775057,1,5,0,,Terminate,1,Mac OS X 10.15.7,Chrome 136.0.0.0,1470,"Mozilla/5.0 (Macintosh; Intel Mac OS X 10_15_7) AppleWebKit/537.36 (KHTML, like Gecko) Chrome/136.0.0.0 Safari/537.36",,,,,4,13,22,42,27,30,6,2,47,29,5,3,3,1,1,2,3,1,2,254,CBC_912da9b981a948119c736f4be86bbf26_1739633444_6,5,20,12,24,1,5,2,4,1,5,,2,3,1,
258,14 May 2025 - 16:32:38 CEST,14 May 2025 - 16:39:23 CEST,405,403,1747233158,1747233563,1,5,0,,Terminate,1,Mac OS X 10.15.7,Chrome 134.0.0.0,1512,"Mozilla/5.0 (Macintosh; Intel Mac OS X 10_15_7) AppleWebKit/537.36 (KHTML, like Gecko) Chrome/134.0.0.0 Safari/537.36",,,,,9,11,28,32,26,66,42,43,14,55,11,1,2,1,3,2,1,2,2,258,CBC_912da9b981a948119c736f4be86bbf26_1739633444_6,5,18,18,23,2,4,1,4,1,5,,2,3,1,
